{"CurrentBiome":2,"PlayerPositon":{"x":127.52822875976563,"y":-5.567014694213867,"z":-2.9942111012815079e-8},"Collectibles":[5]}