{"CurrentBiome":3,"PlayerPositon":{"x":123.46734619140625,"y":-0.5554547309875488,"z":-1.744029809458425e-8},"Collectibles":[]}