{"CurrentBiome":0,"PlayerPositon":{"x":26.855405807495118,"y":-5.125983238220215,"z":1.7498663851256425e-8}}